blockchain,symbol,id,transaction_type,hash,from_address,from_owner,from_owner_type,to_address,to_owner,to_owner_type,timestamp,amount,amount_usd
ethereum,usdc,2012024449,transfer,a352131716a1413862d67d5308da7280385fb8783ebe662f0c26fbf0aad347e6,1111567e0954e74f6ba7c4732d534e75b81dc42e,unknown,unknown,88e6a0c2ddd26feeb64f039a2c41296fcb3f5640,unknown,unknown,1683339215,12659253,12765171
ethereum,usdc,2012060328,transfer,819f0cb773e38d2883d5217583bce8a6051c96a8bbbf192f6f324bee2a8694dc,a69babef1ca67a37ffaf7a485dfff3382056e78c,unknown,unknown,99ac8ca7087fa4a2a1fb6357269965a2014abc35,unknown,unknown,1683345071,17793376,17815998
ethereum,usdc,2012060335,transfer,837eabe0753de6f42c74fab2a8734002b5cf22c913e2b7b79825adbee02b8680,99ac8ca7087fa4a2a1fb6357269965a2014abc35,unknown,unknown,a69babef1ca67a37ffaf7a485dfff3382056e78c,unknown,unknown,1683345071,17584194,17606552
ethereum,usdt,2012062125,transfer,c9b013c203bf420155d00979dcaaf52d97a23ce923e56323670ce3c8f5a4512f,f05e2a70346560d3228c7002194bb7c5dc8fe100,Binance,exchange,28c6c06298d514db089934071355e5743bf21d60,Binance,exchange,1683345659,22414612,22360490
ethereum,usdc,2012070650,transfer,bebdb0d7a6f16f09c7c86873270cc812b3b8a0ed6ce413e40ef3a0f19e6a8b77,b3f923eabaf178fc1bd8e13902fc5c61d3ddef5b,Binance,exchange,28c6c06298d514db089934071355e5743bf21d60,Binance,exchange,1683347447,16764979,16787462
tron,usdt,2012105897,transfer,7c3a1f424bdced164a5ce63f9bbddc6838cff5ed50f34f9cc748c93bcadcfd57,TV6MuMXfmLbBqPZvBHdwFsDnQeVfnmiuSi,Binance,exchange,TAzsQ9Gx8eqFNFSKbeXrbi45CuVPHzA8wr,Binance,exchange,1683354024,64810160,64666270
ethereum,usdc,2012108862,transfer,8a683aa27b712e7d1a51e6c19452694fc2a04f38d0b345021c8aa943a2b205c9,c3c8e0a39769e2308869f7461364ca48155d1d9e,Binance,exchange,28c6c06298d514db089934071355e5743bf21d60,Binance,exchange,1683354635,14250000,14312691
ethereum,eth,2012112519,transfer,d80e34c1f8d4f87a4f940bad6f2f74607055146cb33ff69816ce6719f872748d,21f0ec8719b1e92f04f57d1e41dbdf248b5514b3,unknown,unknown,66bbafc7269f1a9e5b454445585275f2b4ead28e,unknown,unknown,1683355235,7360,14483139
ethereum,usdt,2012170666,transfer,0e21da442065cb20ac3952b16072c0579380adfe6d2c184da1c184f312913a71,003027594360084811f99e3f751de580e3b2086e,unknown,unknown,961d4930fbd2306a6e8b2e925ed793985a2cff4a,unknown,unknown,1683364799,9999900,10063311
bitcoin,btc,2012175198,transfer,c152de03bc6efe8e82b413933a668766538baa500ffa415e5810264766eb2dd8,1Kr6QSydW9bFQG1mXiPNNu6WpJGmUa9i1g,Bitfinex,exchange,bc1qwttcd2hr08keacvjewwhkqwh3adllk0kphwp5s,Bitfinex,exchange,1683365480,780.81903,23009752
tron,usdt,2012179026,transfer,48600007744f05a0c0ddec06bf3e39741acf3e48df1df814464bee2edf3b485b,TV6MuMXfmLbBqPZvBHdwFsDnQeVfnmiuSi,Binance,exchange,TJDENsfBJs4RFETt1X1W8wMDc8M5XnJhCe,Binance,exchange,1683366024,64829132,64617380
bitcoin,btc,2012187561,transfer,03c2b1e1a42074d3b8e764b94bb6de0f47d32077cfdd09ae05e644ed9b0ed118,bc1qwttcd2hr08keacvjewwhkqwh3adllk0kphwp5s,Bitfinex,exchange,1Kr6QSydW9bFQG1mXiPNNu6WpJGmUa9i1g,Bitfinex,exchange,1683367422,780.719,22718436
ethereum,usdt,2012224061,transfer,eccbdf3a94598f9709e72bfc51c31349c8568ab0b6e12444f88a19ff4267524c,28c6c06298d514db089934071355e5743bf21d60,Binance,exchange,21a31ee1afc51d94c2efccaa2092ad1028285549,Binance,exchange,1683373235,62234296,62416970
ethereum,usdc,2012230951,transfer,a1e422f2809b890fd288245d26becb973e8124eab1e20be1f4cf5c9766cfd783,cffad3200574698b78f32232aa9d63eabd290703,unknown,unknown,46340b20830761efd32832a74d7169b29feb9758,unknown,unknown,1683374987,10000000,10015572
ethereum,usdc,2012233590,transfer,2089d40c56b94a1bdd2cfc69a642cab62e44262d3d933b1188c317ab9ba4e130,cffad3200574698b78f32232aa9d63eabd290703,unknown,unknown,7ab33ad1e91ddf6d5edf69a79d5d97a9c49015d4,Binance,exchange,1683375431,20000000,20012132
ethereum,usdc,2012233594,transfer,2089d40c56b94a1bdd2cfc69a642cab62e44262d3d933b1188c317ab9ba4e130,cffad3200574698b78f32232aa9d63eabd290703,unknown,unknown,7ab33ad1e91ddf6d5edf69a79d5d97a9c49015d4,Binance,exchange,1683375431,20000000,20012132
ethereum,usdc,2012233641,transfer,cb8e925349d2b7aea861909fb6274f2ccb72721f0f019a370bde9b5d8a83c47f,cffad3200574698b78f32232aa9d63eabd290703,unknown,unknown,46340b20830761efd32832a74d7169b29feb9758,unknown,unknown,1683375455,18750000,18761374
ethereum,usdc,2012233655,transfer,cb8e925349d2b7aea861909fb6274f2ccb72721f0f019a370bde9b5d8a83c47f,cffad3200574698b78f32232aa9d63eabd290703,unknown,unknown,46340b20830761efd32832a74d7169b29feb9758,unknown,unknown,1683375455,18750000,18761374
bitcoin,btc,2012246501,transfer,5f7e402d09cddfe3cb379865d46226a4586c98756d445642b2c064ec4440ef89,Multiple Addresses,unknown,unknown,bc1q4c8n5t00jmj8temxdgcc3t32nkg2wjwz24lywv,unknown,unknown,1683378292,418.46942,12131456
tron,usdt,2012247128,transfer,50af8045af6e5188d59f8d10dd03e0d28167acf59d13dcd4965c0a4a469e314e,TB1WQmj63bHV9Qmuhp39WABzutphMAetSc,unknown,unknown,TTR3ANAVxcV1EUyW3UYCsURKiXx99R6SDW,unknown,unknown,1683378420,10000000,10014521
tron,usdt,2012278272,transfer,7a297c15de1c7b4c7d31402282b67bbf213b62d49e837748cbb3d842c1cf178d,TV6MuMXfmLbBqPZvBHdwFsDnQeVfnmiuSi,Binance,exchange,TYASr5UV6HEcXatwdFQfmLVUqQQQMUxHLS,Binance,exchange,1683382824,67102890,67329970
bitcoin,btc,2012284277,transfer,e3a0b8904d1485a3b67d35e500f74c389bac13cf0857d5fc417f0df042846638,bc1qkjd3r8qhvvhk8xc8xe84yecnt0zvhkdv9sagkr,unknown,unknown,bc1quna5gege4up8ldqdgx2rtmxk2ztk9dwtnzzpvz,unknown,unknown,1683383803,400,11418692
tron,usdt,2012311992,transfer,b7bce7bd08534eb8c5efbe9b0bd0b9caa2b2dc5e00421d9394079fb4671910b9,TT2T17KZhoDu47i2E4FWxfG79zdkEWkU9N,unknown,unknown,TJkgTCg91dEfsT9to74VDXi7uUxRDqF2ft,Binance,exchange,1683388866,20000000,20026488
tron,usdt,2012324129,transfer,831b7590b439e44692d8179d9b4f08b731d55944590e51d13884fb26b59bf60c,TV6MuMXfmLbBqPZvBHdwFsDnQeVfnmiuSi,Binance,exchange,TNXoiAJ3dct8Fjg4M9fkLFh9S2v9TXc32G,Binance,exchange,1683391224,64335016,64618476
tron,usdt,2012326625,transfer,c5e99305a247e700975a789b3b62661d7e5a235ceafa39ec123c56d58ae000ad,TA4fr2wnDb3r98R8Lkd3Q37AP7qYmxkDoP,unknown,unknown,TXAkb74Tc9vcZAihKGuQPqhuCMvTLiFqvh,unknown,unknown,1683391482,12000000,11988322
ethereum,usdt,2012354119,transfer,b7c2559cb28785d95829bb143d1cec959d7f20cfcf5bc6f0aaabc2ecfa82cc0b,28c6c06298d514db089934071355e5743bf21d60,Binance,exchange,dfd5293d8e347dfe59e90efd55b2956a1343963d,Binance,exchange,1683398435,60984716,61297840
ethereum,usdt,2012381362,transfer,d9b126266649cccc4b8dae6b8bc4aedf2ffaabe96e63a44fb14ee8175d8c8f1a,33ffae64a9e7b5ab3418121541ef0e99c95dcaa5,unknown,unknown,2f82bb43d5968dabdba46ab335118e365149dfa7,unknown,unknown,1683407099,10106811,10166797
ethereum,usdt,2012393968,transfer,9b5bd4d08384c0bfadeabeb7e46be7ffb8a05549907d1fe55a034ac2a9ceded9,56eddb7aa87536c09ccc2793473599fd21a8b17f,Binance,exchange,cffad3200574698b78f32232aa9d63eabd290703,unknown,unknown,1683410015,20000000,20063096
ethereum,usdt,2012394929,transfer,7f9e2b6452ad2c98ee29fe7da17f7a950972e34c6c2a48f0de9b001b94f1b032,28c6c06298d514db089934071355e5743bf21d60,Binance,exchange,56eddb7aa87536c09ccc2793473599fd21a8b17f,Binance,exchange,1683410447,79879110,79742070
bitcoin,btc,2012404747,transfer,c73d6e4b2da2928c725d6789d638f10ca40bf2e382d29892582808407cd85e8f,14w8DC46R2eZQaWaDkize1PVJNcUbVdSKu,unknown,unknown,1Q3PMxVmj4V9omEzgThBxei5rEJPeWYvDt,unknown,unknown,1683413263,2000,57713616
bitcoin,btc,2012404748,transfer,c73d6e4b2da2928c725d6789d638f10ca40bf2e382d29892582808407cd85e8f,14w8DC46R2eZQaWaDkize1PVJNcUbVdSKu,unknown,unknown,1PCwVwKZ8iZrFK5r5nxs6YF3ec4KPTJRKw,unknown,unknown,1683413263,13544.212,390842720
ethereum,usdc,2012444876,transfer,3186bbb7dc5da71bc9e7c99f0130c06765f6a6caea9b41d914f12654fdadfbd3,d859f3cb2612f40ee5f3d239da846ddc31189290,Binance,exchange,28c6c06298d514db089934071355e5743bf21d60,Binance,exchange,1683424823,11325549,11266811
tron,usdt,2012449289,transfer,91f4de460e8684a700255e0a1bf46244ff7edd5218c7d1255d3a86fd4a0375c8,TQeNNo5zVarhdKm5EiJSekfNXg6H1tRN4n,unknown,unknown,TUpHuDkiCCmwaTZBHZvQdwWzGNm5t8J2b9,Kucoin,exchange,1683426801,10000000,10058311
ethereum,usdt,2012452839,transfer,727b5edf18b7dd13ef51e041654d90a16908c461182bb261a3645ffbad594c73,dfd5293d8e347dfe59e90efd55b2956a1343963d,Binance,exchange,de1b86fa42e4feb83933ef260bc352a877a26440,unknown,unknown,1683427559,9999993,10056068
ethereum,usdc,2012468307,transfer,3e56c3451b191dd2811249151010e8afb75ceb51915c94689641c758a3ac6719,b3f923eabaf178fc1bd8e13902fc5c61d3ddef5b,Binance,exchange,28c6c06298d514db089934071355e5743bf21d60,Binance,exchange,1683432047,23081356,23002048
ethereum,usdt,2012468328,transfer,b3aba7a63808bfa449051e6594c426f0868be92a92c49136ed38635452cdc3b6,3229149012a035ef51d724e0343eb31ce3e4bb7d,Binance,exchange,28c6c06298d514db089934071355e5743bf21d60,Binance,exchange,1683432047,10733204,10759850
ethereum,usdc,2012472253,transfer,4423437b4a7e5360139c15c1218f329c65aea0b088eab84e92b3c704b1cdb591,7ab33ad1e91ddf6d5edf69a79d5d97a9c49015d4,Binance,exchange,28c6c06298d514db089934071355e5743bf21d60,Binance,exchange,1683433835,20000000,19970192
ethereum,usdt,2012472264,transfer,856090f1db5dee3345ddd08663e02f9dda083829b8d1fa2a2a531e6fb4cc1680,f05e2a70346560d3228c7002194bb7c5dc8fe100,Binance,exchange,28c6c06298d514db089934071355e5743bf21d60,Binance,exchange,1683433835,25587384,25616382
ethereum,usdt,2012472266,transfer,eea5327886ad68aadb152b996a2c25fd92a1a76c3ca7f0e335f8f17e1c9cfa00,b3f923eabaf178fc1bd8e13902fc5c61d3ddef5b,Binance,exchange,28c6c06298d514db089934071355e5743bf21d60,Binance,exchange,1683433835,13795506,13811141
tron,usdt,2012499798,transfer,87fe9681e86a1dcaed0f7c0c5ff09035146150c37a332b151d88a765d4f01c4b,TV6MuMXfmLbBqPZvBHdwFsDnQeVfnmiuSi,Binance,exchange,TAzsQ9Gx8eqFNFSKbeXrbi45CuVPHzA8wr,Binance,exchange,1683444024,64360950,64291016
tron,usdt,2012504630,transfer,b6fa64c63912717f8b0687479410217802a9893d5bf3c5fe6ad25815b4dca80b,TV6MuMXfmLbBqPZvBHdwFsDnQeVfnmiuSi,Binance,exchange,TJDENsfBJs4RFETt1X1W8wMDc8M5XnJhCe,Binance,exchange,1683445224,64828424,65077270
ethereum,usdt,2012532484,transfer,b657fa7e9425140eb6240775a795bf388695da2f19d55b11c8ccb8e9d64906f1,89e51fa8ca5d66cd220baed62ed01e8951aa7c40,Kraken,exchange,6aea888bcf4fd52213e9d03e7c69a45d98b35065,Bitfinex,exchange,1683452483,40300000,40219990
ethereum,usdt,2012534222,transfer,9e21ba452febe360b58065bf9a7e845b1378092c6f740c408dc46c8fff44a790,6aea888bcf4fd52213e9d03e7c69a45d98b35065,Bitfinex,exchange,77134cbc06cb00b66f4c7e623d5fdbf6777635ec,Bitfinex,exchange,1683452699,40300000,40523560
tron,usdt,2012542594,transfer,ce564d69344d5c60aec350fd022f13cc03fc8314a7760b842055701006457491,TLKNjNrREJEivAZHjvBoU95QrmiTVzoQ9x,unknown,unknown,TV6MuMXfmLbBqPZvBHdwFsDnQeVfnmiuSi,Binance,exchange,1683454563,10212691,10238167
bitcoin,btc,2012548941,transfer,6345aad1147bee45c9b35c58e043459d45c122a52de57ee596dad5917a0c5855,Multiple Addresses,unknown,unknown,bc1qm34lsc65zpw79lxes69zkqmk6ee3ewf0j77s3h,Binance,exchange,1683456329,10000,290458900
bitcoin,btc,2012548942,transfer,6345aad1147bee45c9b35c58e043459d45c122a52de57ee596dad5917a0c5855,Multiple Addresses,unknown,unknown,38Xnrq8MZiKmYmwobbYdZQ5nnCbX1qvQfE,Binance,exchange,1683456329,117351.055,3408566000
ethereum,usdt,2012571398,transfer,177296555fc178f27377eee6f1794b13c6edb23cc39d990d4b9a1dea409458e3,dfd5293d8e347dfe59e90efd55b2956a1343963d,Binance,exchange,24b08f1a6666437a42c6979adca7167dae127a32,unknown,unknown,1683461363,12544600,12641632
ethereum,usdt,2012589997,transfer,3c323b7c6bd728af4f74f89615e5d7314d44ff1f4a065184a2dee07bb5bc84c3,d6216fc19db775df9774a6e33526131da7d19a2c,Kucoin,exchange,ec30d02f10353f8efc9601371f56e808751f396f,Kucoin,exchange,1683465287,30000000,30111690
bitcoin,btc,2012593995,transfer,3e9c37f62a7da380f135c53a78a124db082a171794d8cc6d1fe021557a42c1ba,3JZq4atUahhuA9rLhXLMhhTo133J9rF97j,Bitfinex,exchange,bc1q48nzyr7x24mr9xse2935p3t99zcd852krm3da2,unknown,unknown,1683466294,2050,59240360
bitcoin,btc,2012594191,transfer,f785f6b6b2d2eba26f1a5c80f30f8d2f0adc24cb194afac61caf8587704667fc,bc1qwfp8m2h3r6fy36sdn2507mjvchy7yvl5mvkl6m,unknown,unknown,3MgEAFWu1HKSnZ5ZsC8qf61ZW18xrP5pgd,Gemini,exchange,1683466294,501,14477766
bitcoin,btc,2012594192,transfer,f785f6b6b2d2eba26f1a5c80f30f8d2f0adc24cb194afac61caf8587704667fc,bc1qwfp8m2h3r6fy36sdn2507mjvchy7yvl5mvkl6m,unknown,unknown,bc1quq29mutxkgxmjfdr7ayj3zd9ad0ld5mrhh89l2,Gemini,exchange,1683466294,414.85645,11988413
ethereum,usdt,2012598870,transfer,a3ca0c5bce5d8660ccdae27e41f5ac5c6bf08d9c24fa5737d066cf7cb60e54f5,3ed3b47dd13ec9a98b44e6204a523e766b225811,unknown,unknown,d275e5cb559d6dc236a5f8002a5f0b4c8e610701,unknown,unknown,1683467507,23000000,23118690
ethereum,usdt,2012599330,transfer,7dd895a4ed7c8cf048136f00769a1bbffb940010b05d0b2208ae476fdadf70bf,d275e5cb559d6dc236a5f8002a5f0b4c8e610701,unknown,unknown,2db8a54c3d3b16146efaf7b9a776d94e259c8d80,Binance,exchange,1683467639,23000000,23001516
tron,usdt,2012602737,transfer,99fb560a0af32be257c4a86738b9862a3da58f05790d2f00597ecc2ce819db87,TXFBqBbqJommqZf7BV8NNYzePh97UmJodJ,Bitfinex,exchange,TAkam7aue3mWcvxhivnSQyNPkPRdWT7beL,Kraken,exchange,1683468621,33000000,33107368
bitcoin,btc,2012613561,transfer,e42678583f00a3ba4ee74414ec5124a326c7fcae265fab2aff853cbf8bb752a8,Multiple Addresses,unknown,unknown,bc1qm34lsc65zpw79lxes69zkqmk6ee3ewf0j77s3h,Binance,exchange,1683470177,10000,291680260
bitcoin,btc,2012613562,transfer,e42678583f00a3ba4ee74414ec5124a326c7fcae265fab2aff853cbf8bb752a8,Multiple Addresses,unknown,unknown,3EbJfpmFgufYtzW9UFvf1GAfm2ted1Rwnr,Binance,exchange,1683470177,3821.0815,111453400
tron,usdt,2012615903,transfer,c3eec5f02d1244ca89800478ccf70dd00f3bee6c65675725ff41ec404d55e7c8,TKHuVq1oKVruCGLvqVexFs6dawKv6fQgFs,Tether Treasury,other,TXFBqBbqJommqZf7BV8NNYzePh97UmJodJ,Bitfinex,exchange,1683471108,13000000,12984692
bitcoin,btc,2012621753,transfer,716cca21bf38ad34aa1a4fe4bf7f059e84f584f3fec0b3a7ff77937f0713cef7,Multiple Addresses,unknown,unknown,38DN2uFMZPiHLHJigfv4kWC9JWJrNnhLcn,Binance,exchange,1683472448,40041.05,1161911700
bitcoin,btc,2012625741,transfer,955f68fe96a20edea2fb62a1f87b0316e634cdc7db7056d6456a5301c849dd71,Multiple Addresses,unknown,unknown,3Qxak1CZhLyZ7GVckKphLURdLBCjMfz9bA,Binance,exchange,1683472915,17669.227,513794370
bitcoin,btc,2012629230,transfer,972d282653a67ecb9fe712d600a9c745942b5d3c45c10436ea700b5fe8852412,Multiple Addresses,unknown,unknown,36zSLdRv1jyewjaC12fqK5fptn7PqewunL,Binance,exchange,1683473532,10031.965,289799200
ethereum,usdt,2012640516,transfer,3afd24cb1c5b2a691f583bbd2e587e5196ced190992aab001c58d7deda72e7c7,28c6c06298d514db089934071355e5743bf21d60,Binance,exchange,9696f59e4d72e237be84ffd425dcad154bf96976,Binance,exchange,1683475235,60182770,60426050
tron,usdt,2012657228,transfer,c4c22f9b6ee1596ebb9e6a61dbe813d30d30d33688809dc53ecea691d4d39698,TJDENsfBJs4RFETt1X1W8wMDc8M5XnJhCe,Binance,exchange,TT6nPvSfDSBR6aB7xU5U67uKMWhJbry3iB,unknown,unknown,1683478239,25933770,26072972
tron,usdt,2012658010,transfer,3d3232ed9f04e41d8ff0812f3051c4e0ed46dd51251ab0adcbd8296dc6c9dddf,TT6nPvSfDSBR6aB7xU5U67uKMWhJbry3iB,unknown,unknown,TWDchZBmYvTQBeXD4w8rRUowDv5ka8kiFU,unknown,unknown,1683478497,25933784,25996462
tron,usdt,2012658149,transfer,68ed0b1eebd425d65c3f92ba2b3e4033a621d73f56e3dc7e3ebd9d0ff5c070ca,TWDchZBmYvTQBeXD4w8rRUowDv5ka8kiFU,unknown,unknown,TFK83A41pUspJ1Sd766eU2cD2ktufz9tth,unknown,unknown,1683478551,22515796,22373490
ethereum,usdc,2012662711,transfer,1120d67aca0c4ae31b51e65c198ae60d7d9ed63837210febf1087bc894a616c0,a9d69f2f56df2cb8b66d0f2c6c867407a1296c5f,unknown,unknown,b7443efa77cc0d580453a64c7197d626dbffacc4,unknown,unknown,1683479975,19400000,19421326
tron,usdt,2012662824,transfer,caefc4348f3fd52f10957b1b1f1d82e5f7196372fccb438835295d544e6d5d72,TV6MuMXfmLbBqPZvBHdwFsDnQeVfnmiuSi,Binance,exchange,TYASr5UV6HEcXatwdFQfmLVUqQQQMUxHLS,Binance,exchange,1683480024,64482950,64350090
ethereum,usdc,2012663131,transfer,6be23785924b19f5ae36f8a350f646c13b2d204056ab9a2326eedb40b8354375,b7443efa77cc0d580453a64c7197d626dbffacc4,unknown,unknown,1157a2076b9bb22a85cc2c162f20fab3898f4101,unknown,unknown,1683480119,19400000,19572318
ethereum,usdc,2012728173,transfer,ba80a0dd2209f862bbcc8152e8b1396436fdd5fb84554a32ccb005aecedde352,345d8e3a1f62ee6b1d483890976fd66168e390f2,Binance,exchange,28c6c06298d514db089934071355e5743bf21d60,Binance,exchange,1683495023,15565173,15534850
ethereum,usdc,2012728308,transfer,9d37f7af092583f0b8780e5db3f238b3b5b806e3527634254bf51df8cf664596,1ebc4f4f735cedf0bedfa873ee4a824f04787e95,unknown,unknown,48bc64409e749be68c617128753980c3a321d610,unknown,unknown,1683495083,15105060,15062267
tron,usdt,2012755557,transfer,40072022ae97f4cca6504b9f4848d5aa63f22f577dcec2d1f7741feec3202108,TV6MuMXfmLbBqPZvBHdwFsDnQeVfnmiuSi,Binance,exchange,TJDENsfBJs4RFETt1X1W8wMDc8M5XnJhCe,Binance,exchange,1683504024,64205116,64036010
ethereum,eth,2012770403,transfer,1e742c51fc076d5ecb7e4d5cf9cdf0aaab459e814ac641be823b1a91e3467ae2,08deb6278d671e2a1adc7b00839b402b9cf3375d,unknown,unknown,a7728e9e4a3fd5c0a8c7be8e3fedf52e7d3b4bd7,unknown,unknown,1683507911,17948,33484198
ethereum,eth,2012772889,transfer,2d68a30ee4edf0d68c1589afcc832379613d04ccb77e9fd54b7819dd02e8b67b,0016c0d0343e8f2c3a7b6a51606b84b1545ec606,unknown,unknown,6fc48de8f167456b7aa27dd4ecfabba329ea623d,unknown,unknown,1683508619,6000,11305840
ethereum,eth,2012772963,transfer,14cbcc7b5af186d21ba890739eec585cb8f2ab2962385ecf51927520900473c6,0016c0d0343e8f2c3a7b6a51606b84b1545ec606,unknown,unknown,6fc48de8f167456b7aa27dd4ecfabba329ea623d,unknown,unknown,1683508643,6000,11305840
ethereum,usdc,2012777458,transfer,afe902de69ef367874d3ee0408cf3fab748de826e32b242f6e3e7acb26e7380f,a69babef1ca67a37ffaf7a485dfff3382056e78c,unknown,unknown,88e6a0c2ddd26feeb64f039a2c41296fcb3f5640,unknown,unknown,1683509795,23534976,23575352
ethereum,usdc,2012777460,transfer,6dc06c8aa6cee234ce0d595bcad69b69a3e416b8a002e6382844e1f1e5192889,88e6a0c2ddd26feeb64f039a2c41296fcb3f5640,unknown,unknown,a69babef1ca67a37ffaf7a485dfff3382056e78c,unknown,unknown,1683509795,22937756,22977106
ethereum,usdc,2012777807,transfer,8cf54c1dc0a706b3c25a57f870985b9ba342718a9c2a8e641df512f0ce384d28,a69babef1ca67a37ffaf7a485dfff3382056e78c,unknown,unknown,88e6a0c2ddd26feeb64f039a2c41296fcb3f5640,unknown,unknown,1683509927,22787848,22808154
ethereum,usdc,2012777809,transfer,2241042f37f851de291d647e9e2a7db2c22b016aca5538504d7755af9f4a5cbc,88e6a0c2ddd26feeb64f039a2c41296fcb3f5640,unknown,unknown,a69babef1ca67a37ffaf7a485dfff3382056e78c,unknown,unknown,1683509927,22103844,22123542
ethereum,usdt,2012778402,transfer,ecd2b9bd1cc7d5c0a572b00f1ad56f8b3c29fd8fc9af6580b0742d46e9d7b200,3d019cfecd722b76807dd2fad24376306d179277,unknown,unknown,30714e506d68fc3fbf534ee70ddd86577e604a28,unknown,unknown,1683510119,14675712,14702952
ethereum,usdt,2012778636,transfer,e937e368a602df026d20897cff862af8e60ac143e28778ba8c280d233e39a939,30714e506d68fc3fbf534ee70ddd86577e604a28,unknown,unknown,8d501afb7dd7dada424b8c1f331b5909e44a043f,unknown,unknown,1683510191,14675712,14687429
ethereum,usdc,2012782999,transfer,e06fe395dace60a28fb8f3d913525b7901876347897910cd6f1c892721ffe59c,55fe002aeff02f77364de339a1292923a15844b8,USDC Treasury,other,cffad3200574698b78f32232aa9d63eabd290703,unknown,unknown,1683511043,25000000,25126704
bitcoin,btc,2012783599,transfer,d8384983633c10c55d128a96c6d274af48c3f41ff5439cc78c5ad557d4b91be9,3LB2q9PqUNDetBwSzgWXDbDxTZ4W372GAf,unknown,unknown,bc1q26nadjlzam8n8nlc7v0uzq770f9zgk0pmd54zj,unknown,unknown,1683510947,370.89886,10512204
ethereum,usdc,2012786468,transfer,43a34cf2283bc94f75de68c57d30b20abe519a3e54d8b24e2d68e3429e5807eb,3d019cfecd722b76807dd2fad24376306d179277,unknown,unknown,6386a4b2bd806df4ee483722cec6d328046534d7,unknown,unknown,1683511607,10978534,10966492
ethereum,usdc,2012786845,transfer,e38d457db73e6e30cb287cb73f330cbfdce8c0ae6ac160f3243e7414f0cd1d03,6386a4b2bd806df4ee483722cec6d328046534d7,unknown,unknown,756d64dc5edb56740fc617628dc832ddbcfd373c,unknown,unknown,1683511691,10978534,11026047
tron,usdt,2012790943,transfer,983634829d1080d4e397bc2b723155b93aef1b1a7e4f6174abb8b98cbbad9c49,TV6MuMXfmLbBqPZvBHdwFsDnQeVfnmiuSi,Binance,exchange,TQrY8tryqsYVCYS3MFbtffiPp2ccyn4STm,Binance,exchange,1683512424,64470010,64856480
ethereum,usdt,2012791368,transfer,7374e8ce1690327726ebc4cb00ccdf4d489a4bad45df5f1edb68d7e2da91445b,0ddbd53c151d135d89a458f9b3e506cc885b439b,Huobi,exchange,46705dfff24256421a05d056c29e81bdc09723b8,Huobi,exchange,1683512495,11230000,11303633
bitcoin,btc,2012806950,transfer,63957c5cd716f52cf649930793d70ef477500403a77971316bd63c6f8b650dc7,Multiple Addresses,unknown,unknown,bc1qm34lsc65zpw79lxes69zkqmk6ee3ewf0j77s3h,Binance,exchange,1683515298,10000,281462880
ethereum,usdt,2012807619,transfer,5d315e5e7f441e14341b719d15e5718ac04b965eee9125b8e0f38ebe344462ac,46705dfff24256421a05d056c29e81bdc09723b8,Huobi,exchange,66f791456b82921cbc3f89a98c24ea21784973a1,Binance,exchange,1683515423,10000000,10072084
tron,usdt,2012809052,transfer,13934c648f9d3a4e0af91de6acab9887aa0008390c3ccd23544a019e37d2028b,TJkgTCg91dEfsT9to74VDXi7uUxRDqF2ft,Binance,exchange,TV6MuMXfmLbBqPZvBHdwFsDnQeVfnmiuSi,Binance,exchange,1683515763,60000000,59582570
tron,usdt,2012812974,transfer,fc233df8233e97644ae406ab4c5a0cbf6bb386a0fe23c15497c51ece48bc2372,TJDENsfBJs4RFETt1X1W8wMDc8M5XnJhCe,Binance,exchange,TGhm1AcuiatPXDV6cgrHogu58w6WpP2KJN,unknown,unknown,1683516336,10000000,10020268
ethereum,usdt,2012816054,transfer,acc0b575ffb02597e79ca9de40b1dd1dce5c4e45b1d3cc9576e0c8ae982ea2fa,2db8a54c3d3b16146efaf7b9a776d94e259c8d80,Binance,exchange,28c6c06298d514db089934071355e5743bf21d60,Binance,exchange,1683516671,23000000,23022410
ethereum,usdt,2012817435,transfer,92ca8ba3d7068d2c1bf89718d86329d323c3c82671b2ffde6c6e830ba24cf462,46705dfff24256421a05d056c29e81bdc09723b8,Huobi,exchange,66f791456b82921cbc3f89a98c24ea21784973a1,Binance,exchange,1683516851,10000000,10080758
ethereum,usdt,2012817840,transfer,c5673082be288412cbf8ac8395d87e9931fb5308d38ff8b1c597a406ac572f9b,ee5b5b923ffce93a870b3104b7ca09c3db80047a,unknown,unknown,f89d7b9c864f589bbf53a82105107622b35eaa40,unknown,unknown,1683516947,10000000,10058685
tron,usdt,2012821297,transfer,bb952121d192f84ef53a65ada7b2efbfdf13a1808ccc3c29dc9fc6457e3d719b,TJDENsfBJs4RFETt1X1W8wMDc8M5XnJhCe,Binance,exchange,TGhm1AcuiatPXDV6cgrHogu58w6WpP2KJN,unknown,unknown,1683517782,10000000,10023421
tron,usdt,2012821977,transfer,ec6d721254f65bc4df80629c301c6fc2dfc83554a0f05f07035558fbc092d5b9,TGhm1AcuiatPXDV6cgrHogu58w6WpP2KJN,unknown,unknown,TNaRAoLUyYEV2uF7GUrzSjRQTU8v5ZJ5VR,unknown,unknown,1683517950,10000000,10039538
ethereum,usdt,2012826416,transfer,84217338a29c1796352fa1fac370c376f75f317960b8275e0b1a5b60b759853b,66f791456b82921cbc3f89a98c24ea21784973a1,Binance,exchange,28c6c06298d514db089934071355e5743bf21d60,Binance,exchange,1683518411,20000000,20151032
ethereum,usdc,2012826644,transfer,030efd3d7492f4378986e9bb99fe625f0a47011f46d12ab791ba63bd6c9d841d,b3f923eabaf178fc1bd8e13902fc5c61d3ddef5b,Binance,exchange,28c6c06298d514db089934071355e5743bf21d60,Binance,exchange,1683518435,19673198,19727658
ethereum,usdt,2012826673,transfer,3bc6068c72169db2a24051cfe877d15960dad1543c2c132e5516266746d312dc,7b0cef6dc369bcc7972326e75f607bc13788542d,Binance,exchange,28c6c06298d514db089934071355e5743bf21d60,Binance,exchange,1683518435,12000000,12090619
ethereum,usdt,2012826733,transfer,60a93e4ce303dd225adc6a1a039504b892dac6104d8ee626f02a4b5d1c8a1c9e,28c6c06298d514db089934071355e5743bf21d60,Binance,exchange,21a31ee1afc51d94c2efccaa2092ad1028285549,Binance,exchange,1683518447,61308496,61771468
ethereum,usdc,2012830245,transfer,7b3eb072b2c5c7906fb11d758c7ffda1c47fe8255d5a14289d65828a13e6afd6,e123a57340a71c3aa53adb7c569d861fd2b5331b,unknown,unknown,c8c8bb7a7da3065eb1d6f292d09924cd3d7915c6,unknown,unknown,1683519263,151350000,150377250
bitcoin,btc,2012830953,transfer,a3d31eee9b5b1be86f98f0903f81d4cd369fa85c044007a3963faed51fbf27b8,bc1qm34lsc65zpw79lxes69zkqmk6ee3ewf0j77s3h,unknown,unknown,3MVqpffHLe5qr2KrKyvtvgzHcHg6mYef6r,Bybit,exchange,1683519264,499.999,14109768
ethereum,usdc,2012835720,transfer,b62d8387c67358ef1080a6e612391704b101ef8782cb2245ea79ec58a5c9ad49,c8c8bb7a7da3065eb1d6f292d09924cd3d7915c6,Coinbase,exchange,a9d1e08c7793af67e9d92fe308d5697fb81d3e43,Coinbase,exchange,1683519911,151350000,150758370
ethereum,usdt,2012836705,transfer,88c98ce02c8ba8f25a4feb0bfc2738b37e8c00e74e0acbc495a7f9ea617d4572,cffad3200574698b78f32232aa9d63eabd290703,unknown,unknown,46340b20830761efd32832a74d7169b29feb9758,unknown,unknown,1683520079,14300000,14282910
bitcoin,btc,2012839978,transfer,e2dda7f3ce67f50458051412ccf7f19ce3e971d3fe09aef1bfbff37b129a7361,bc1qr4dl5wa7kl8yu792dceg9z5knl2gkn220lk7a9,unknown,unknown,bc1q7cyrfmck2ffu2ud3rn5l5a8yv6f0chkp0zpemf,unknown,unknown,1683520447,515,14565056
ethereum,usdc,2012841959,transfer,ad764a7f38b428eafb8bef388c5ef292d780e9304c98a457599081a078ebec10,a9d1e08c7793af67e9d92fe308d5697fb81d3e43,Coinbase,exchange,2c2a76c4aacf927c6cc44ca3a764cd62486c1297,unknown,unknown,1683520871,13805204,13890583
ethereum,usdc,2012841960,transfer,ad764a7f38b428eafb8bef388c5ef292d780e9304c98a457599081a078ebec10,a9d1e08c7793af67e9d92fe308d5697fb81d3e43,Coinbase,exchange,2c2a76c4aacf927c6cc44ca3a764cd62486c1297,unknown,unknown,1683520871,30270000,30457206
ethereum,usdc,2012841961,transfer,ad764a7f38b428eafb8bef388c5ef292d780e9304c98a457599081a078ebec10,a9d1e08c7793af67e9d92fe308d5697fb81d3e43,Coinbase,exchange,28e18535d5302368ce3667b5781b2729940d4c23,unknown,unknown,1683520871,30270000,30457206
ethereum,usdt,2012876206,transfer,352c3118c1f2beb2ab78f583b0cd2d9a0d33236bc4753ee35607a3f363a601a4,3ed3b47dd13ec9a98b44e6204a523e766b225811,unknown,unknown,d275e5cb559d6dc236a5f8002a5f0b4c8e610701,unknown,unknown,1683526235,15000000,15036098
ethereum,usdt,2012876631,transfer,6c4a6b747ddecf5b49df899df514f9eaef59525fc209d0fd87acb08ab2dc0290,d275e5cb559d6dc236a5f8002a5f0b4c8e610701,unknown,unknown,2db8a54c3d3b16146efaf7b9a776d94e259c8d80,Binance,exchange,1683526331,15000000,15061327
bitcoin,btc,2012879745,transfer,1f24120f3a4826940e6ba47fcbe7c5128eb52e5b0f2b97a6c192ab1d80854045,bc1q4c8n5t00jmj8temxdgcc3t32nkg2wjwz24lywv,unknown,unknown,bc1qr4dl5wa7kl8yu792dceg9z5knl2gkn220lk7a9,unknown,unknown,1683526603,1500,42545944
bitcoin,btc,2012880873,transfer,90e150b7badae2b363057895c7a75436567837bec24e1fbd0defa04ee9dd0a7f,3BHXygmhNMaCcNn76S8DLdnZ5ucPtNtWGb,unknown,unknown,3BPAodH6WkNQC8TUrnwFKhETiFacNUi68X,unknown,unknown,1683526698,390.7,11029965
ethereum,usdc,2012881233,transfer,68594f0d98f542f49dd03a9dde1c98b838af21aa72f15675bb775cd44152d69d,ae8c5032a0436d1e4a4b0711908c05d65f421f67,unknown,unknown,c8f50448217ced44c436962afac43d4465799b7f,unknown,unknown,1683526847,13000000,12880534
tron,usdt,2012881476,transfer,68b17833594fdca3f5304a89e45775b5e2356b02e75fa484b778ceb8e50e0103,TYASr5UV6HEcXatwdFQfmLVUqQQQMUxHLS,Binance,exchange,TGhm1AcuiatPXDV6cgrHogu58w6WpP2KJN,unknown,unknown,1683526902,10000000,10044599
tron,usdt,2012882959,transfer,3adbb34f7f2d5c42382968c0d5fdc2b71e5b3aa351bc43a0866e2664719386a1,TGhm1AcuiatPXDV6cgrHogu58w6WpP2KJN,unknown,unknown,TNaRAoLUyYEV2uF7GUrzSjRQTU8v5ZJ5VR,unknown,unknown,1683527175,10000000,10011205
tron,usdt,2012883588,transfer,8df828f102cf09c733d92d5d378f448f0d145a7a95b8ad9d587795611b420148,TKNzwozMjzRdZhGa3SXXHCqvFfuVqEjiWK,unknown,unknown,TNFtc3Xvr3N8d8FLAbVBE2JHCWCKEBfKTG,unknown,unknown,1683527340,20000000,20194442
ethereum,usdt,2012884166,transfer,befd270d6746701828caa78abc3a0d3f001f736d1eaafd7837c2d5bc6f79d3e4,66f791456b82921cbc3f89a98c24ea21784973a1,Binance,exchange,28c6c06298d514db089934071355e5743bf21d60,Binance,exchange,1683527411,10000000,10068905
tron,usdt,2012893406,transfer,e30fee91d617325d22572103d443c732bc6d313d7fb96316710ed02629a85257,TUpHuDkiCCmwaTZBHZvQdwWzGNm5t8J2b9,Kucoin,exchange,TEs9t7H2izLqFMT5p1mFiqFC62mjjiHcwz,Binance,exchange,1683528603,9999999,10021952
ethereum,cro,2012907832,burn,b884c831177b68e95f3d10fc077403af1422ef0afcafa737d0558aff5157d42b,d9326193be89c299ef1923a0080b927e2547fcb4,unknown,unknown,000000000000000000000000000000000000dead,unknown,unknown,1683530855,178473550,12111914
ethereum,usdt,2012915154,transfer,42a5568d3afcdb135d86557d1484b7f5472612a17774c8ce0423394cb20e252b,cee284f754e854890e311e3280b767f80797180d,unknown,unknown,b5873e333161e5b45adac57379ec2b15d861178d,unknown,unknown,1683532223,20000000,19938698
ethereum,usdt,2012921571,transfer,4fb35301f22839daca10be03a4992fa2315196859631a1915c0bdfb094d193c5,b5873e333161e5b45adac57379ec2b15d861178d,unknown,unknown,f89d7b9c864f589bbf53a82105107622b35eaa40,unknown,unknown,1683532895,20000000,20191216
ethereum,busd,2012923745,transfer,4b52808a081f1c061d0e8d13dcadb2c96ab7d7226d032a2c27ccf2f472aa0720,28c6c06298d514db089934071355e5743bf21d60,Binance,exchange,72b2c54c7f83fa9cdb023131a95d96b1adec3126,unknown,unknown,1683533195,10506940,10506940
ethereum,usdc,2012925142,transfer,69fb14274285f80a0f5ed2348782d80fdac93a56ffcc264026626c3972271922,cffad3200574698b78f32232aa9d63eabd290703,unknown,unknown,46340b20830761efd32832a74d7169b29feb9758,unknown,unknown,1683533423,20000000,20035046
ethereum,usdc,2012925145,transfer,69fb14274285f80a0f5ed2348782d80fdac93a56ffcc264026626c3972271922,cffad3200574698b78f32232aa9d63eabd290703,unknown,unknown,46340b20830761efd32832a74d7169b29feb9758,unknown,unknown,1683533423,20000000,20035046
ethereum,usdc,2012925387,transfer,d6869aeedf17346b4cc22c342ef9d6af29b904cad022607bca09557d08a10ae8,46340b20830761efd32832a74d7169b29feb9758,unknown,unknown,cffad3200574698b78f32232aa9d63eabd290703,unknown,unknown,1683533459,30000000,29907408
ethereum,usdc,2012925392,transfer,d6869aeedf17346b4cc22c342ef9d6af29b904cad022607bca09557d08a10ae8,46340b20830761efd32832a74d7169b29feb9758,unknown,unknown,cffad3200574698b78f32232aa9d63eabd290703,unknown,unknown,1683533459,30000000,29907408
ethereum,usdc,2012925855,transfer,3c9449f303795148b910dd3ae79d5d0491fa5953818a961fa9d2f1656c15fbce,cffad3200574698b78f32232aa9d63eabd290703,unknown,unknown,46340b20830761efd32832a74d7169b29feb9758,unknown,unknown,1683533543,15000000,15080560
ethereum,usdc,2012925857,transfer,3c9449f303795148b910dd3ae79d5d0491fa5953818a961fa9d2f1656c15fbce,cffad3200574698b78f32232aa9d63eabd290703,unknown,unknown,46340b20830761efd32832a74d7169b29feb9758,unknown,unknown,1683533543,15000000,15080560
bitcoin,btc,2012926533,transfer,df31a26a637fde6a5447032378bbee07166c4bd112f812848cd4b135c68e28a2,3PdKaWwshFBWg6vAauToecqEAFtsuzyxGV,unknown,unknown,3DR2iGGQCUhShGhjTqShLAYEqxzAfY8pvZ,unknown,unknown,1683533423,5000,138675820
ethereum,busd,2012928221,transfer,71e50c6773c1769687e29d089b36f2e29a23f5a22f61aa004c92d594aeb36298,72b2c54c7f83fa9cdb023131a95d96b1adec3126,unknown,unknown,e25a329d385f77df5d4ed56265babe2b99a5436e,unknown,unknown,1683533603,10506940,10506940
ethereum,usdc,2012940253,transfer,c5f066e5c37b39e6790fd136ef93e7fa78ab9a63f6bc64a76d53b0c5111b026a,50de1986cf5befe0c8ee74d6df6dffe842dc2632,unknown,unknown,838c5472d7782e8cf8f6c8ddbaba9191eed79bb5,unknown,unknown,1683535283,13000000,12890081
ethereum,usdc,2012940257,transfer,c5f066e5c37b39e6790fd136ef93e7fa78ab9a63f6bc64a76d53b0c5111b026a,50de1986cf5befe0c8ee74d6df6dffe842dc2632,unknown,unknown,838c5472d7782e8cf8f6c8ddbaba9191eed79bb5,unknown,unknown,1683535283,13000000,12890081
ethereum,usdc,2012960737,transfer,68abcf88e6e156d24adf770ddfe63efc7522cafe2caa221d227683163c831a4f,3d019cfecd722b76807dd2fad24376306d179277,unknown,unknown,957d1b9e6108c059374a0935b7a90b70778a0461,unknown,unknown,1683537851,23000000,23065762
ethereum,usdc,2012961208,transfer,8798684f3106c6c824b215ee7c66b66b5c91ce41e9e2c06697dffca63ac51d0b,957d1b9e6108c059374a0935b7a90b70778a0461,unknown,unknown,756d64dc5edb56740fc617628dc832ddbcfd373c,unknown,unknown,1683537935,23000000,23021386
ethereum,usdt,2012967338,transfer,ac7b29c0346c2c739e497a2ca67b0214f810562b56f1978ab7e6f3f03182a938,28c6c06298d514db089934071355e5743bf21d60,Binance,exchange,56eddb7aa87536c09ccc2793473599fd21a8b17f,Binance,exchange,1683538847,60443610,60529890
bitcoin,btc,2012969839,transfer,90419f63c036617ebc258f9da1f18ce7ebbc5964ee479ca33e4fd9a08e420d87,bc1qr4dl5wa7kl8yu792dceg9z5knl2gkn220lk7a9,unknown,unknown,bc1q7cyrfmck2ffu2ud3rn5l5a8yv6f0chkp0zpemf,unknown,unknown,1683539088,515,14285493
ethereum,usdc,2012975620,transfer,ce37357aaf3df762cfec779c2cdef70451e04c460941efef5bb74a5c9de67d7e,df0770df86a8034b3efef0a1bb3c889b8332ff56,unknown,unknown,d275e5cb559d6dc236a5f8002a5f0b4c8e610701,unknown,unknown,1683539783,15000000,14913341
tron,usdt,2012979940,transfer,cab869e043c827b39509c1f1594b8919a899e4a859f5184988934cece2936b4e,TV6MuMXfmLbBqPZvBHdwFsDnQeVfnmiuSi,Binance,exchange,TJDENsfBJs4RFETt1X1W8wMDc8M5XnJhCe,Binance,exchange,1683540024,65431780,65583052
tron,usdt,2012979945,transfer,cbfcaed9b9966935245e57511e44d0aa737a791851bad830e079c5a4a93f8cd1,TV6MuMXfmLbBqPZvBHdwFsDnQeVfnmiuSi,Binance,exchange,TNXoiAJ3dct8Fjg4M9fkLFh9S2v9TXc32G,Binance,exchange,1683540024,65569744,65721336
bitcoin,btc,2012983396,transfer,42400013276758ff7e67a702dadaede6842c7d21cde67ed6dfc091a009410a31,bc1q53fycvdynepwcps48wfymhnjsdzanlvt4kvssg,unknown,unknown,bc1qxvrl8amhsz7hw7wasl3wrfkxw2cunxre8qaa70,unknown,unknown,1683540080,998.99915,27871534
ripple,xrp,2012991131,transfer,D85FAD2B68B539C20E06537220B1241F8BC1E8EBF049AA67BA6137C6663A19A2,rEXmdJZRfjXN3XGVdz99dGSZpQyJqUeirE,bitstamp,exchange,rDsbeomae4FXwgQTJp9Rs64Qg9vDiTCdBv,bitstamp,exchange,1683540781,45000000,19658640
tron,usdt,2012995751,transfer,7028c3728d04734558e144bb1c891148eb7880ea5eeabc6e438b38886b63dcc1,TV6MuMXfmLbBqPZvBHdwFsDnQeVfnmiuSi,Binance,exchange,TYASr5UV6HEcXatwdFQfmLVUqQQQMUxHLS,Binance,exchange,1683541224,65208332,65175096
ethereum,busd,2012998295,transfer,2f71b6f412a98b766e38fe3cca02e7bf80acfb6ca18848d9f4ab7410439747e6,28c6c06298d514db089934071355e5743bf21d60,Binance,exchange,72b2c54c7f83fa9cdb023131a95d96b1adec3126,unknown,unknown,1683541379,10851808,10851808
ethereum,busd,2013000266,transfer,c68daa16eb2904fefc3e246d382cb35bc5e39157ff5c9d624edc14c8f6616305,72b2c54c7f83fa9cdb023131a95d96b1adec3126,unknown,unknown,e25a329d385f77df5d4ed56265babe2b99a5436e,unknown,unknown,1683541691,10851808,10851808
ethereum,usdc,2013011368,transfer,87f85dd51366ba0b3f485af5956e0d1c87f7eaaad931f62bba0bd5d6dd8c4548,bcca60bb61934080951369a648fb03df4f96263c,unknown,unknown,d275e5cb559d6dc236a5f8002a5f0b4c8e610701,unknown,unknown,1683543059,87014210,86997820
ethereum,usdc,2013013436,transfer,23b21567e6f33d1d1eeff96f62beee89c3f43686342262926c4686e4dfbe3d37,d275e5cb559d6dc236a5f8002a5f0b4c8e610701,unknown,unknown,ac44f2d75876ead509a2ceb099bc14f9547b5db6,unknown,unknown,1683543419,102014210,101561820
ethereum,usdc,2013014178,transfer,4c033251deee2ecdba51a246b495f79298d793914f154726de8cb9636793fc99,ac44f2d75876ead509a2ceb099bc14f9547b5db6,unknown,unknown,55fe002aeff02f77364de339a1292923a15844b8,USDC Treasury,other,1683543575,102014210,102039400
tron,usdt,2013020565,transfer,4271c990f002c9530c134ce03c6153095f51bff0939d27794bda911b3d690317,TC51LZ6uWJeAf9kNp5NmtaPSAE18zzfJCL,unknown,unknown,TKocHQ8x1Rbcqa5Wc2RpGhpWoU9koXjPaP,unknown,unknown,1683544623,10000000,10042172
ethereum,busd,2013020922,transfer,e8049ec195cb9ada938824a26f28f8e08f7db8c22f882b4f1cbce45e03ca8fdb,5a52e96bacdabb82fd05763e25335261b270efcb,Binance,exchange,28c6c06298d514db089934071355e5743bf21d60,Binance,exchange,1683544655,70000000,70000000
ethereum,usdc,2013041862,transfer,60bd2bd0e2a81d0f2b8801cd98bb27705fd257c28629e3a27bcc18400f08e7c2,831b2759fc715a2b691cc40fb26fea4073b27544,unknown,unknown,cd531ae9efcce479654c4926dec5f6209531ca7b,unknown,unknown,1683546899,24984200,24825540
ethereum,busd,2013045198,transfer,1db8805c4abdf8a61958e755fa29b7479ab13224d977e038dcbb6f4066a4e698,28c6c06298d514db089934071355e5743bf21d60,Binance,exchange,72b2c54c7f83fa9cdb023131a95d96b1adec3126,unknown,unknown,1683547247,11006366,11006366
ethereum,busd,2013047258,transfer,b2f0b7701b83cf223ab7bcdb44143bc36fa70e56607e085c900cac45aedb822c,72b2c54c7f83fa9cdb023131a95d96b1adec3126,unknown,unknown,e25a329d385f77df5d4ed56265babe2b99a5436e,unknown,unknown,1683547691,11006366,11006366
ethereum,usdt,2013050101,transfer,f3742ea5f27175c214582ebd6e056aa9beb1a7af4c248cec0102a294c5afa97e,10a57be3ea662d7bb271ce51d5d5c2b8c5dec78b,unknown,unknown,8da75136b6bf1704c01d2035c556aff28d15477f,unknown,unknown,1683548171,13000000,12923604
ethereum,usdt,2013051694,transfer,f8f8733eddc81971953edafb3df431e15a18453cb241fa02daf5c3b72a4f58d6,28c6c06298d514db089934071355e5743bf21d60,Binance,exchange,9696f59e4d72e237be84ffd425dcad154bf96976,Binance,exchange,1683548447,62179916,62564068
bitcoin,btc,2013061390,transfer,39751a107007c047524c70a8af20e7485e5d4e820dd20e26d4d9b5c2b4e68053,bc1qm34lsc65zpw79lxes69zkqmk6ee3ewf0j77s3h,Bitfinex,exchange,1ECeVF6wfbiihCRrrpRnkbwrWsZfYmixMG,unknown,unknown,1683549609,494.75348,13864882
bitcoin,btc,2013061467,transfer,58781ca0cdb575e0191cc48090e7340ab5bd56bf5c9b6bccc237baa62ec23bb2,bc1q55upj809pxs3547symzpxc5ljvahe0d48rczr7,unknown,unknown,3MgEAFWu1HKSnZ5ZsC8qf61ZW18xrP5pgd,Gemini,exchange,1683549609,501,14039934
ethereum,usdc,2013075573,transfer,8a4c7977521b46fadd9f6450638de021f2ce20067c7121df80ef24c4faf67da2,a9d1e08c7793af67e9d92fe308d5697fb81d3e43,Coinbase,exchange,fff2edfa5b0c48378e06531b1220ea3455d4b5ce,unknown,unknown,1683551171,33070092,33018890
ethereum,usdc,2013077939,burn,f4f0fd8a99ae14c6b14adfa5d4f34045601e25b385a8f1ce509c35f27d4f2f40,55fe002aeff02f77364de339a1292923a15844b8,USDC Treasury,other,0000000000000000000000000000000000000000,unknown,unknown,1683551591,111748900,111891940
ethereum,usdc,2013085662,transfer,d58418439d40ced1d72e6007fec616e065ea47ec35d654145052d90607accf39,fff2edfa5b0c48378e06531b1220ea3455d4b5ce,unknown,unknown,cd531ae9efcce479654c4926dec5f6209531ca7b,unknown,unknown,1683552863,33070092,32953544
ethereum,busd,2013093899,burn,9ab79798fa26c4f004ad3add8cd2fc42271a0285992c445fb7a66c52fdbdfd1b,e25a329d385f77df5d4ed56265babe2b99a5436e,unknown,unknown,0000000000000000000000000000000000000000,unknown,unknown,1683554375,84028460,84028460
tron,usdt,2013094058,transfer,b245cc816f6666f68197732bf613d82d984a695d54a73098014d43541494a430,TV6MuMXfmLbBqPZvBHdwFsDnQeVfnmiuSi,Binance,exchange,TQrY8tryqsYVCYS3MFbtffiPp2ccyn4STm,Binance,exchange,1683554424,64771816,64640700
bitcoin,btc,2013095849,transfer,bf29884b4b79b055797a18a1f46c6e7c510eec1aee119c3f6e6f32cc2bd64670,Multiple Addresses,unknown,unknown,3LiJNZT49XWFJLAecK6YvAZSZdvS8MqTjb,unknown,unknown,1683554613,400,11123030
bitcoin,btc,2013095850,transfer,bf29884b4b79b055797a18a1f46c6e7c510eec1aee119c3f6e6f32cc2bd64670,Multiple Addresses,unknown,unknown,33rNPCzHZmsT6mGzQxNRimhcuS5z1Reu2s,unknown,unknown,1683554613,999.9954,27807446
bitcoin,btc,2013096397,transfer,b49886f120091f0f459f526717e4995ee55588faa7af4a04dc87e08cabe8c7f2,bc1qm34lsc65zpw79lxes69zkqmk6ee3ewf0j77s3h,Binance,exchange,1ECeVF6wfbiihCRrrpRnkbwrWsZfYmixMG,unknown,unknown,1683554613,999.999,27807546
bitcoin,btc,2013096923,transfer,0888d62323050d41053cc78583ca9da94f3b9d08bfbf59f88344ae0b1a7acdba,3BMEXqGpG4FxBA1KWhRFufXfSTRgzfDBhJ,Bitmex,exchange,3PQ5J57RE169BxBPb2MqaSQF6NuzQ2DPhp,Kraken,exchange,1683554613,800,22246060
bitcoin,btc,2013107262,transfer,b9e35b1c030da03e845aa0f241c3a1eb9d2f56372a75a34bc7ac8c26f8ebfe8e,3LiJNZT49XWFJLAecK6YvAZSZdvS8MqTjb,unknown,unknown,3MqUP6G1daVS5YTD8fz3QgwjZortWwxXFd,unknown,unknown,1683555702,399.10175,11044306
bitcoin,btc,2013111244,transfer,f67d31f99643730ebb4560489f77478937363a9780e30f9e3dcdca18c2941873,,unknown,unknown,,unknown,unknown,1683555877,973.0992,27044320
ethereum,usdc,2013116491,transfer,422cc15d84c4355d00f8f7bf23390ebf49268c14f625df7020e53ac4cdc13359,cd531ae9efcce479654c4926dec5f6209531ca7b,unknown,unknown,80005311f76fd82eb8eee9b6ba048a2507f2c95a,unknown,unknown,1683556451,23080132,23000296
ethereum,usdc,2013117274,transfer,1ff933c03aca955cf987cdcf37a822a50d345b5d961f0f82228080c65cf2f181,cd531ae9efcce479654c4926dec5f6209531ca7b,unknown,unknown,0438a96780b96dbb365675c1b7cbec61e4f1bc54,unknown,unknown,1683556571,24984200,24917642
ethereum,usdc,2013120918,transfer,d943342f1adcd3f09294b6c321c8f84fb4e59a1ba10cb2b32132e0e940cbb271,4594467601ce92b0d94fc5112722131a535ef0c7,unknown,unknown,a9d1e08c7793af67e9d92fe308d5697fb81d3e43,Coinbase,exchange,1683557135,17067878,17064852
tron,usdt,2013120605,transfer,dd2eae961533ea4caa9ccf602e1850cf5776a1a317fd361f20654a8a0f98bf7e,TEs9t7H2izLqFMT5p1mFiqFC62mjjiHcwz,Binance,exchange,TV6MuMXfmLbBqPZvBHdwFsDnQeVfnmiuSi,Binance,exchange,1683557163,9999999,10022807
ethereum,usdt,2013129498,transfer,ed0ca232ad264b263fb7d703673ad19be912c886a2d69f8546bd39b8506f4a2b,23878914efe38d27c4d67ab83ed1b93a74d4086a,unknown,unknown,d275e5cb559d6dc236a5f8002a5f0b4c8e610701,unknown,unknown,1683558599,12875508,12948178
bitcoin,btc,2013131236,transfer,85c9c5f694232d85f840aaa2f3684ab5be7b0184f34981c4c1a9888bad19bfac,3PQ5J57RE169BxBPb2MqaSQF6NuzQ2DPhp,Kraken,exchange,bc1qgwyjpcc2fqjns4l5rrryhfm69z5v7m3xvaznve4ugqdqeew457kstyjvqp,Kraken,exchange,1683558617,730.123,20369300
bitcoin,btc,2013131557,transfer,817dec3167442f29eb87255944641e89a933b8f5773e6f052de7af0232b827ae,169gQuJcCxFtcKwvwdYFLFNMa2nTBTcizy,unknown,unknown,1BD6odcxbqd7dsY4ie5psxJ6AzeJ9cXjAN,unknown,unknown,1683558617,1528.0992,42631604
bitcoin,btc,2013140521,transfer,543fc32fd3a14957a50c0ffa836b26e9b9b04fd5b220ef711c9ada2cb46373b7,138oTJRLj3dWehT5T8tqvWUV8K4hKyGxTF,unknown,unknown,383aBH1ebSacRjnaaAAgSNsdnTdaSkthCA,unknown,unknown,1683559415,2855,79745990
bitcoin,btc,2013143950,transfer,ccc9840adc73e811368134f933114a31b0ecbaefc8b209a621df19ef2df12d81,Multiple Addresses,unknown,unknown,1HVATDJxZnMsZaLPhULGfgXWrpaRk31ase,unknown,unknown,1683559788,399.2302,11178811
bitcoin,btc,2013143951,transfer,ccc9840adc73e811368134f933114a31b0ecbaefc8b209a621df19ef2df12d81,Multiple Addresses,unknown,unknown,3MqUP6G1daVS5YTD8fz3QgwjZortWwxXFd,unknown,unknown,1683559788,2511.672,70329120
bitcoin,btc,2013147405,transfer,722afa02f01dac1a8ded8f5db59fc45f73459184cca98e78aa37f79e37ed534b,3MqUP6G1daVS5YTD8fz3QgwjZortWwxXFd,unknown,unknown,14iZY1FmGQWL6fKgQg2Qh5bNhLL2WHWMhB,unknown,unknown,1683560174,688.92224,19247838
ethereum,usdc,2013153078,transfer,b60d9115cd32b1604bbabdd90bbb8b10137701f17b042ba85a26345451dbed57,c3d688b66703497daa19211eedff47f25384cdc3,unknown,unknown,84ea962bce902aa303cfd74753418e8177dde6f7,unknown,unknown,1683561251,10000000,10035135
bitcoin,btc,2013156431,transfer,8bec5a38860f5a52e1884bcf15ed76b1329758340cad533aef6c1ff736671d6c,3MqUP6G1daVS5YTD8fz3QgwjZortWwxXFd,unknown,unknown,14iZY1FmGQWL6fKgQg2Qh5bNhLL2WHWMhB,unknown,unknown,1683561788,688.92224,19368762
bitcoin,btc,2013156910,transfer,d034fef0636a8ae62e8f87f4b2080c1467eb6ac43cc202736128be717678a9e0,1F1oWf9jkERoyYgUBMbSaw7f6M9LD7tet2,unknown,unknown,1NRvGNx72TJAw6eJrFxpz7mdxQfxNSBdkk,unknown,unknown,1683561788,600,16868750
bitcoin,btc,2013156913,transfer,2eb98b1f311ed4934830b63b2b8226f6fbbdc65ab323c1d997d607f5bca8a724,1CiRR2zhYv7jVg54NutsYT5pRD8cRaAXYo,unknown,unknown,1NRvGNx72TJAw6eJrFxpz7mdxQfxNSBdkk,unknown,unknown,1683561788,400,11245833
bitcoin,btc,2013157636,transfer,dc6aae8523b7178c9485607c36043099e3140994d9b484af28e5c0028f322323,bc1qgwyjpcc2fqjns4l5rrryhfm69z5v7m3xvaznve4ugqdqeew457kstyjvqp,Kraken,exchange,bc1qgdcww0p88hkyxlgfeavgvftjd2wh4zgr2e2ryusjjrvhg50kxq8s2zsd8g,unknown,unknown,1683561788,678.83374,19085128
bitcoin,btc,2013159235,transfer,533584fae0538241eb592ccf42d904cbca80d4ea8486b5847b95f0e225da673b,bc1q6248axmrhfl0d9fe6rxjf49ga664m05usu2h0l,unknown,unknown,bc1qyj2nyg9ue652v057er0hktctvjxvuwzyw0txpz,unknown,unknown,1683561946,700,19543970
bitcoin,btc,2013163020,transfer,cc57e383347f8ad2aa03306a9dbb51927fdbb82d3576b70399b9784aaa313674,3MqUP6G1daVS5YTD8fz3QgwjZortWwxXFd,unknown,unknown,1L8ffmLzQGHnZDGMZhkhM9XVJEuk6RUiH4,unknown,unknown,1683562587,688.92224,19290366
tron,usdt,2013183179,transfer,d64294a2bc9b441e178479283925ec6ba9ad3dda5dcb3c28ab4f4662b85a6769,TKHuVq1oKVruCGLvqVexFs6dawKv6fQgFs,Tether Treasury,other,TQef1npDuBwGCVXKY5SE9A1BdPSEYzk32t,Kraken,exchange,1683565809,72196000,72068300
tron,usdt,2013183516,transfer,09d16f43b6211f7f52489bb4fb962172e6297862637a93506857fa26ff5a277a,TKHuVq1oKVruCGLvqVexFs6dawKv6fQgFs,Tether Treasury,other,TQef1npDuBwGCVXKY5SE9A1BdPSEYzk32t,Kraken,exchange,1683565884,111855000,112146860
tron,usdt,2013184120,transfer,8a55813724a6393f5de6eba98a474c15e9be0c9c77485d4b23f1d0616c4c2904,TQef1npDuBwGCVXKY5SE9A1BdPSEYzk32t,Kraken,exchange,TTd9qHyjqiUkfTxe3gotbuTMpjU8LEbpkN,Kraken,exchange,1683566013,72196000,72148470
tron,usdt,2013184347,transfer,1cb1e2203f06b8663f6a553d9e323b6dde91ceb6c365b501ae80fae6b1ce09fd,TTd9qHyjqiUkfTxe3gotbuTMpjU8LEbpkN,Kraken,exchange,TAKBTyyqMxG96AiSyTWtz1pWBbr1DzZSHj,Binance,exchange,1683566058,14999998,15039199
tron,usdt,2013184521,transfer,b9078c085ea13c0623fc4b215dce59520bf68ca6767427f354e8a3724e01b9ac,TQef1npDuBwGCVXKY5SE9A1BdPSEYzk32t,Kraken,exchange,TTd9qHyjqiUkfTxe3gotbuTMpjU8LEbpkN,Kraken,exchange,1683566106,111855000,111012776
ethereum,usdt,2013187490,transfer,2ab0d2a996eab6f7d0ce808f3b9b56afc0d76aa0583d1f5678182da4c332d2a0,89e51fa8ca5d66cd220baed62ed01e8951aa7c40,Kraken,exchange,d275e5cb559d6dc236a5f8002a5f0b4c8e610701,unknown,unknown,1683566183,70000000,69419560
tron,usdt,2013189295,transfer,fd8dc332ee8b4febf600bb7ffd0e38e748d108e163dc9e307644ad6c09220a85,TTd9qHyjqiUkfTxe3gotbuTMpjU8LEbpkN,Kraken,exchange,TAKBTyyqMxG96AiSyTWtz1pWBbr1DzZSHj,Binance,exchange,1683566637,14999998,14959811
ethereum,usdt,2013189670,transfer,2432a742ea3fc64175e9ea18afcb603d998502a7aa98b18c69558d405c50ced2,7c7c902b2eda842ffc7a5774308af456425712ec,Coinbase,exchange,a9d1e08c7793af67e9d92fe308d5697fb81d3e43,Coinbase,exchange,1683566711,9999996,10084756
ethereum,usdc,2013189878,transfer,435b2e36a5180b77f615d8035450f1471032e4863bd6d4e436d3a237f5f99912,ac44f2d75876ead509a2ceb099bc14f9547b5db6,unknown,unknown,55fe002aeff02f77364de339a1292923a15844b8,USDC Treasury,other,1683566759,11606009,11570700
